{"cameraMode":{"drawMode":0,"name":"Shaded","section":"Shading Mode"},"sceneLighting":false,"audioPlay":false,"sceneViewState":{"showFog":false,"showMaterialUpdate":false,"showSkybox":false,"showFlares":false,"showImageEffects":false,"showParticleSystems":false},"in2DMode":false,"pivot":{"x":-0.07203417271375656,"y":-0.025191187858581544,"z":0.15831245481967927},"rotation":{"x":0.0679970383644104,"y":-0.5029476284980774,"z":0.039894361048936847,"w":0.8608275055885315},"size":0.4753502309322357,"orthographic":false}