{"cameraMode":{"drawMode":0,"name":"Shaded","section":"Shading Mode"},"sceneLighting":false,"audioPlay":false,"sceneViewState":{"showFog":false,"showMaterialUpdate":false,"showSkybox":false,"showFlares":false,"showImageEffects":false,"showParticleSystems":false},"in2DMode":false,"pivot":{"x":-0.008544620126485825,"y":0.20393556356430055,"z":-0.1029052734375},"rotation":{"x":0.06049865111708641,"y":-0.7395758628845215,"z":0.06730116903781891,"w":0.6671156883239746},"size":0.2532254159450531,"orthographic":false}