{"cameraMode":{"drawMode":0,"name":"Shaded","section":"Shading Mode"},"sceneLighting":false,"audioPlay":false,"sceneViewState":{"showFog":false,"showMaterialUpdate":false,"showSkybox":false,"showFlares":false,"showImageEffects":false,"showParticleSystems":false},"in2DMode":false,"pivot":{"x":0.06304291635751724,"y":0.3338214159011841,"z":0.014936472289264202},"rotation":{"x":-0.02578689157962799,"y":-0.4663067162036896,"z":-0.013460813090205193,"w":0.8842578530311585},"size":0.648777186870575,"orthographic":false}