{"cameraMode":{"drawMode":0,"name":"Shaded","section":"Shading Mode"},"sceneLighting":false,"audioPlay":false,"sceneViewState":{"showFog":false,"showMaterialUpdate":false,"showSkybox":false,"showFlares":false,"showImageEffects":false,"showParticleSystems":false},"in2DMode":false,"pivot":{"x":0.014395235106348992,"y":0.09969651699066162,"z":-0.030673982575535775},"rotation":{"x":-0.134292334318161,"y":-0.4375426173210144,"z":0.0662609413266182,"w":-0.8866786360740662},"size":0.23570819199085236,"orthographic":false}