{"cameraMode":{"drawMode":0,"name":"Shaded","section":"Shading Mode"},"sceneLighting":false,"audioPlay":false,"sceneViewState":{"showFog":false,"showMaterialUpdate":false,"showSkybox":false,"showFlares":false,"showImageEffects":false,"showParticleSystems":false},"in2DMode":false,"pivot":{"x":-0.04742330312728882,"y":0.06483178585767746,"z":-0.02446751669049263},"rotation":{"x":-0.20502737164497376,"y":-0.31976962089538576,"z":0.0710904598236084,"w":-0.9224660396575928},"size":0.21923643350601197,"orthographic":false}