{"cameraMode":{"drawMode":0,"name":"Shaded","section":"Shading Mode"},"sceneLighting":false,"audioPlay":false,"sceneViewState":{"showFog":false,"showMaterialUpdate":false,"showSkybox":false,"showFlares":false,"showImageEffects":false,"showParticleSystems":false},"in2DMode":false,"pivot":{"x":-0.03505557030439377,"y":0.2341160923242569,"z":-0.02570505067706108},"rotation":{"x":0.015236958861351014,"y":-0.8772221207618713,"z":-0.028239432722330095,"w":-0.47921374440193179},"size":0.2578292489051819,"orthographic":false}