{"cameraMode":{"drawMode":0,"name":"Shaded","section":"Shading Mode"},"sceneLighting":false,"audioPlay":false,"sceneViewState":{"showFog":false,"showMaterialUpdate":false,"showSkybox":false,"showFlares":false,"showImageEffects":false,"showParticleSystems":false},"in2DMode":false,"pivot":{"x":0.03057556040585041,"y":0.17156721651554109,"z":0.01225174032151699},"rotation":{"x":0.05268322676420212,"y":0.7467100024223328,"z":-0.05944695696234703,"w":0.6604762077331543},"size":0.43975627422332766,"orthographic":false}