{"cameraMode":{"drawMode":0,"name":"Shaded","section":"Shading Mode"},"sceneLighting":false,"audioPlay":false,"sceneViewState":{"showFog":false,"showMaterialUpdate":false,"showSkybox":false,"showFlares":false,"showImageEffects":false,"showParticleSystems":false},"in2DMode":false,"pivot":{"x":0.014158055186271668,"y":0.037828173488378528,"z":0.027548406273126603},"rotation":{"x":-0.04324299469590187,"y":-0.8039135336875916,"z":0.05863076448440552,"w":-0.5904298424720764},"size":0.22908225655555726,"orthographic":false}