{"cameraMode":{"drawMode":0,"name":"Shaded","section":"Shading Mode"},"sceneLighting":false,"audioPlay":false,"sceneViewState":{"showFog":false,"showMaterialUpdate":false,"showSkybox":false,"showFlares":false,"showImageEffects":false,"showParticleSystems":false},"in2DMode":false,"pivot":{"x":0.0033989299554377796,"y":0.04206237196922302,"z":0.02389306016266346},"rotation":{"x":-0.0549812912940979,"y":-0.7280557155609131,"z":0.05856795608997345,"w":-0.6809378266334534},"size":0.14963679015636445,"orthographic":false}