{"cameraMode":{"drawMode":0,"name":"Shaded","section":"Shading Mode"},"sceneLighting":false,"audioPlay":false,"sceneViewState":{"showFog":false,"showMaterialUpdate":false,"showSkybox":false,"showFlares":false,"showImageEffects":false,"showParticleSystems":false},"in2DMode":false,"pivot":{"x":0.01875610090792179,"y":0.11218149960041046,"z":0.009141283109784127},"rotation":{"x":0.1736515611410141,"y":0.1431175172328949,"z":-0.02553296461701393,"w":0.9741414189338684},"size":0.1866368055343628,"orthographic":false}