{"cameraMode":{"drawMode":0,"name":"Shaded","section":"Shading Mode"},"sceneLighting":true,"audioPlay":false,"sceneViewState":{"showFog":false,"showMaterialUpdate":false,"showSkybox":false,"showFlares":false,"showImageEffects":false,"showParticleSystems":false},"in2DMode":false,"pivot":{"x":-0.09223257005214691,"y":0.2711867094039917,"z":-0.005856483243405819},"rotation":{"x":-0.02414580062031746,"y":0.9724657535552979,"z":-0.12001970410346985,"w":-0.19917578995227815},"size":0.9364174604415894,"orthographic":false}