{"cameraMode":{"drawMode":0,"name":"Shaded","section":"Shading Mode"},"sceneLighting":false,"audioPlay":false,"sceneViewState":{"showFog":false,"showMaterialUpdate":false,"showSkybox":false,"showFlares":false,"showImageEffects":false,"showParticleSystems":false},"in2DMode":false,"pivot":{"x":0.09852837771177292,"y":-0.08341656625270844,"z":-0.22373232245445252},"rotation":{"x":0.028314273804426194,"y":0.8483636975288391,"z":-0.04561026021838188,"w":0.5266969203948975},"size":0.7638252973556519,"orthographic":false}