{"cameraMode":{"drawMode":0,"name":"Shaded","section":"Shading Mode"},"sceneLighting":false,"audioPlay":false,"sceneViewState":{"showFog":false,"showMaterialUpdate":false,"showSkybox":false,"showFlares":false,"showImageEffects":false,"showParticleSystems":false},"in2DMode":false,"pivot":{"x":0.039936456829309466,"y":0.05121045187115669,"z":0.002251715399324894},"rotation":{"x":-0.12373174726963043,"y":-0.5837154388427734,"z":0.09053963422775269,"w":-0.7974848747253418},"size":0.16867205500602723,"orthographic":false}