{"cameraMode":{"drawMode":0,"name":"Shaded","section":"Shading Mode"},"sceneLighting":false,"audioPlay":false,"sceneViewState":{"showFog":false,"showMaterialUpdate":false,"showSkybox":false,"showFlares":false,"showImageEffects":false,"showParticleSystems":false},"in2DMode":false,"pivot":{"x":0.047073639929294589,"y":0.20625868439674378,"z":0.17672353982925416},"rotation":{"x":0.08467822521924973,"y":0.05899471417069435,"z":-0.004856763873249292,"w":0.9947512745857239},"size":0.46698665618896487,"orthographic":false}