{"cameraMode":{"drawMode":0,"name":"Shaded","section":"Shading Mode"},"sceneLighting":false,"audioPlay":false,"sceneViewState":{"showFog":false,"showMaterialUpdate":false,"showSkybox":false,"showFlares":false,"showImageEffects":false,"showParticleSystems":false},"in2DMode":false,"pivot":{"x":-0.016808290034532548,"y":0.22849079966545106,"z":0.04586181789636612},"rotation":{"x":0.13623425364494325,"y":-0.567136824131012,"z":0.09597519040107727,"w":0.8067139983177185},"size":0.3703879714012146,"orthographic":false}