{"cameraMode":{"drawMode":0,"name":"Shaded","section":"Shading Mode"},"sceneLighting":false,"audioPlay":false,"sceneViewState":{"showFog":false,"showMaterialUpdate":false,"showSkybox":false,"showFlares":false,"showImageEffects":false,"showParticleSystems":false},"in2DMode":false,"pivot":{"x":-0.004674265161156654,"y":0.20541499555110932,"z":-0.0052847969345748428},"rotation":{"x":0.011453204788267613,"y":0.9592517614364624,"z":-0.039163582026958469,"w":0.2800176739692688},"size":0.19444558024406434,"orthographic":false}